<odoo>
    <template id="report_rental_details">
        <t t-call="web.html_container">
            <t t-foreach="docs" t-as="o">
                <t t-call="web.external_layout">
                    <span t-field="res_company.partner_id.name"/>
                    <br/>
                    <span t-field="res_company.partner_id.street"/>
                    <br/>
                    <span t-field="res_company.partner_id.city"/>
                    <br/>
                    <h1 align="center" style="margin-left: 30px; margin-top: 10 px; margin-bottom: 10px;">
                        Rental Management
                    </h1>
                    <div class="page">
                        <b>Name:</b>
                        <span t-field="o.name"/>
                        <br/>
                        <b>value:</b>
                        <span t-field="o.value"/>
                        <br/>
                        <b>value2:</b>
                        <span t-field="o.value2"/>
                        <br/>
                        <b>description:</b>
                        <span t-field="o.description"/>
                        <br/>
                    </div>
                </t>
            </t>
        </t>
    </template>
    <template id="report_rental_reference">
        <t t-call="web.html_container">
            <t t-foreach="docs" t-as="doc">
                <t t-call="rental_management.report_rental_details"/>
            </t>
        </t>
    </template>
</odoo>