<?xml version="1.0" encoding="utf-8"?>
<odoo>

    <record id="report_rental_qweb_detail" model="ir.actions.report">
        <field name="name">rental_management Details</field>
        <field name="model">rental_management.rental_management</field>
        <field name="report_type">qweb-pdf</field>
        <field name="report_name">rental_management.report_rental_reference</field>
        <field name="report_file">rental_management.report_rental_reference</field>
        <field name="binding_model_id" ref="model_rental_management_rental_management"/>
        <field name="binding_type">report</field>
        <field name="paperformat_id" ref="rental_management.report_paper_format"/>
    </record>


</odoo>